Month,Year,Tot.Consump.MMBtu,X...Per.kwh.Mo.Albany,WY.Tot.Consump.MMBtu,WY.Ave.by.County,NE-US-NG.$/BTU,S-US-Elec$/KWH,W-US-Elec$/KWH,West-US-Heat$/BTU,ELEC.GEN.TOT-US-99,ELEC.GEN.NG-US-99.M,ELEC.GEN.NUC-US-99.M,ELEC.GEN.ALL-WY-99.M,ELEC.GEN.COW-WY-99.M,ELEC.GEN.PEL-WY-99.M,ELEC.GEN.NG-WY-99.M,ELEC.GEN.HYC-WY-99.M
1,2001,43,7.92,35.865,21.69130435,1.154,0.078,0.084,1.179,332493,42389,68707,4021,3882,3,58,44
2,2001,41,7.92,32.801,19.44347826,1.192,0.079,0.084,1.168,282940,37967,61272,3747,3627,2,50,38
3,2001,44,7.92,33.766,33.00869565,1.196,0.08,0.084,1.129,300707,44364,62141,4093,3956,2,58,47
4,2001,37,7.92,35.60893,42.21304348,1.237,0.081,0.084,1.056,278079,45843,56003,3459,3327,2,41,68
5,2001,36,7.92,33.21135,52.87391304,1.141,0.083,0.086,1.088,300492,50934,61512,3437,3270,4,35,103
6,2001,39,7.92,32.45027,61.6,1.082,0.089,0.087,0.98,327694,57603,68023,3686,3480,4,45,127
7,2001,44,7.92,31.47739,70.93913043,1.068,0.089,0.089,0.919,357614,73030,69166,4128,3909,2,50,136
8,2001,44,7.92,34.20161,69.56521739,1.063,0.088,0.09,0.879,370533,78410,68389,3901,3690,4,50,126
9,2001,31,7.92,27.4575,59.83043478,1.031,0.088,0.087,0.828,306929,60181,63378,2985,2815,4,48,87
10,2001,40,7.92,34.45906,44.89565217,0.987,0.083,0.087,0.76,294734,56376,60461,3657,3496,4,52,34
11,2001,45,7.92,32.4882,35.79130435,1.012,0.079,0.086,0.804,278934,44491,62342,3847,3683,2,51,29
12,2001,42,7.92,28.27687,22.75652174,0.958,0.079,0.086,0.816,305496,47541,67431,3816,3655,4,54,41
1,2002,42,8.03,35.90625,21.64347826,0.941,0.077,0.09,0.829,319941,48413,70926,3847,3705,4,55,34
2,2002,38,8.03,34.79681,24.29130435,0.927,0.076,0.09,0.761,281826,44308,61658,3501,3371,3,52,30
3,2002,42,8.03,37.43265,24.52173913,0.918,0.076,0.092,0.761,302549,51214,63041,3934,3800,3,56,33
4,2002,34,8.03,26.84509,41.25652174,0.93,0.075,0.092,0.802,289848,49146,58437,3082,2937,7,53,39
5,2002,36,8.03,26.35276,48.8826087,0.882,0.076,0.095,0.823,307675,50275,63032,3273,3115,1,53,61
6,2002,34,8.03,28.59121,63.28695652,0.895,0.082,0.105,0.784,341023,65631,66372,3135,2940,7,52,99
7,2002,42,8.03,26.41106,72.02608696,0.896,0.083,0.108,0.788,381542,83917,70421,3893,3686,2,60,107
8,2002,41,8.03,27.85711,64.76086957,0.89,0.083,0.109,0.79,374586,84477,70778,3841,3653,4,64,78
9,2002,41,8.03,25.88835,57.37826087,0.897,0.083,0.109,0.802,331279,68161,64481,3786,3628,2,84,36
10,2002,40,8.03,25.33058,38.9,0.926,0.079,0.112,0.819,307059,54201,60493,3744,3598,4,80,20
11,2002,40,8.03,20.11726,30.79565217,1.001,0.076,0.109,0.821,296290,45161,61520,3673,3551,2,48,20
12,2002,44,8.03,42.51,25.80434783,1,0.076,0.11,0.813,324834,46100,68905,4074,3939,2,56,26
1,2003,44,8.8,40.265,28.29130435,1.052,0.076,0.11,0.855,341989,50176,69211,4081,3973,2,41,20
2,2003,39,8.8,40.758,21.3173913,1.068,0.076,0.11,0.856,299249,43547,60942,3577,3479,3,44,18
3,2003,40,8.8,45.11688,32.3173913,1.184,0.078,0.11,0.937,304317,46699,59933,3805,3697,4,29,27
4,2003,34,8.8,42.26441,44.72608696,1.175,0.079,0.11,0.853,285756,45195,56776,3090,2993,4,27,43
5,2003,34,8.8,43.42426,51.00869565,1.107,0.081,0.112,0.898,307545,49373,62202,3181,3073,5,13,66
6,2003,38,8.8,43.10033,57.73913043,1.117,0.087,0.113,0.938,328694,54453,64181,3451,3315,6,11,99
7,2003,42,8.8,42.81371,72.43913043,1.105,0.088,0.112,0.941,374396,76938,69653,3952,3776,3,35,126
8,2003,41,8.8,40.07885,70.70869565,1.089,0.089,0.113,0.937,381816,83250,69024,3761,3622,5,32,88
9,2003,39,8.8,41.00083,54.91304348,1.108,0.089,0.113,0.946,323136,59090,63584,3539,3460,3,14,39
10,2003,40,8.8,42.40486,49.01304348,1.096,0.084,0.113,0.952,306741,51824,60016,3557,3481,4,15,23
11,2003,41,8.8,45.77341,25.54782609,1.151,0.081,0.11,0.926,297867,45328,59600,3757,3677,3,11,22
12,2003,42,8.8,47.52945,25.96086957,1.169,0.081,0.11,0.95,331680,44035,68612,3876,3793,3,9,23
1,2004,42,10.31,44.55688,21.59565217,1.195,0.081,0.11,0.993,346546,48253,70806,3966,3818,5,7,49
2,2004,39,10.31,45.93903,24.5826087,1.196,0.081,0.11,0.948,314280,50320,64102,3703,3587,4,7,49
3,2004,40,10.31,45.42909,37.36086957,1.187,0.081,0.105,0.913,308812,49801,63285,3780,3645,4,8,49
4,2004,36,10.31,45.49732,44.09565217,1.197,0.082,0.108,0.906,290560,51822,58620,3375,3251,5,10,49
5,2004,31,10.31,43.93281,51.02173913,1.138,0.084,0.111,0.974,327380,62022,64917,2917,2782,4,9,49
6,2004,39,10.31,37.55405,58.22173913,1.154,0.09,0.108,1.021,345085,64686,67734,3641,3535,4,6,49
7,2004,41,10.31,35.43402,66.45217391,1.181,0.091,0.108,1.013,377332,79290,71975,3765,3664,5,6,49
8,2004,45,10.31,34.53273,63.05652174,1.184,0.091,0.104,1.037,368439,77821,71068,4018,3917,3,7,49
9,2004,43,10.31,40.05895,56.61304348,1.171,0.091,0.104,1.007,335622,67854,65932,4001,3890,2,6,49
10,2004,40,10.31,40.665,45.47826087,1.185,0.086,0.105,1.025,312450,57229,62530,3765,3643,5,6,49
11,2004,42,10.31,43.177,32.44782609,1.272,0.084,0.102,1.121,302101,49693,58941,3923,3807,3,7,49
12,2004,41,10.31,42.409,26.84782609,1.294,0.084,0.102,1.101,341948,51310,68617,3954,3807,3,9,49
1,2005,41,12.94,41.28193,24.83478261,1.307,0.085,0.102,1.107,343121,51338,69828,3847,3734,4,9,28
2,2005,37,12.94,42.07314,28.07391304,1.299,0.086,0.101,1.078,298500,44913,60947,3511,3423,4,7,24
3,2005,40,12.94,40.82538,34.3,1.295,0.086,0.1,1.06,317458,51897,61539,3835,3713,3,10,30
4,2005,33,12.94,42.77382,41.79130435,1.329,0.087,0.1,1.098,289562,52016,55484,3163,3049,3,8,41
5,2005,32,12.94,44.49539,49.15217391,1.253,0.089,0.103,1.152,315062,54826,62970,3052,2835,5,26,99
6,2005,41,12.94,41.25522,59.16521739,1.239,0.097,0.103,1.129,363672,75635,66144,3959,3674,5,41,148
7,2005,43,12.94,43.41625,70.09565217,1.262,0.098,0.103,1.165,402274,96819,71070,4125,3818,3,53,175
8,2005,43,12.94,47.05697,65.12608696,1.275,0.098,0.104,1.168,404941,100787,71382,4298,4037,2,56,122
9,2005,40,12.94,44.76744,57.53043478,1.417,0.099,0.104,1.274,350218,73355,66739,3796,3609,5,38,57
10,2005,43,12.94,45.12258,46.80434783,1.631,0.095,0.103,1.439,316398,55941,61236,4034,3887,4,27,26
11,2005,43,12.94,42.74093,34.89130435,1.636,0.096,0.101,1.478,306115,49440,62913,3934,3747,2,25,28
12,2005,43,12.94,39.93071,21.24347826,1.676,0.095,0.101,1.351,348101,53993,71735,4013,3820,3,26,30
1,2006,44,14.55,43.82226,29.22608696,1.708,0.101,0.102,1.449,328658,43807,71912,4136,3922,2,44,30
2,2006,39,14.55,39.38625,22.32173913,1.615,0.101,0.102,1.292,307333,47409,62616,3638,3441,3,46,26
3,2006,44,14.55,42.56181,31.53043478,1.576,0.101,0.102,1.258,318730,54922,63721,4077,3904,4,47,32
4,2006,33,14.55,36.82074,45.12608696,1.517,0.102,0.102,1.264,297858,56091,57567,3193,2946,1,43,103
5,2006,30,14.55,34.04007,52.87391304,1.473,0.103,0.108,1.263,330616,65586,62776,2907,2633,4,36,147
6,2006,36,14.55,29.77082,64.46086957,1.44,0.11,0.109,1.186,364260,81060,68391,3430,3197,8,38,120
7,2006,42,14.55,30.54318,72.53043478,1.409,0.111,0.108,1.202,410421,108094,72186,4083,3811,5,43,163
8,2006,44,14.55,39.548,66.93478261,1.423,0.111,0.109,1.219,407763,106592,72016,4207,3983,3,44,114
9,2006,42,14.55,36.526,53.57391304,1.414,0.111,0.108,1.269,332055,72673,66642,3915,3788,2,33,39
10,2006,41,14.55,38.859,42.73913043,1.331,0.106,0.109,1.181,321567,70640,57509,3884,3706,6,43,21
11,2006,43,14.55,39.40532,33.04782609,1.514,0.102,0.107,1.257,309159,53440,61392,4013,3832,2,39,24
12,2006,42,14.55,37.21816,24.4,1.516,0.102,0.107,1.247,336283,56128,70490,3915,3728,5,45,25
1,2007,42,14.95,37.63299,17.15217391,1.51,0.102,0.114,1.222,353531,61475,74006,3976,3771,2,64,22
2,2007,37,14.95,36.41063,24.7,1.503,0.102,0.119,1.267,323230,57622,65225,3499,3295,4,58,19
3,2007,38,14.95,40.11656,38.7173913,1.509,0.102,0.12,1.293,320471,56204,64305,3547,3351,3,58,27
4,2007,32,14.95,38.69322,41.24782609,1.501,0.102,0.121,1.267,303129,60153,57301,3028,2812,5,47,84
5,2007,37,14.95,39.7869,53.20434783,1.43,0.103,0.126,1.327,330203,66470,65025,3433,3239,6,49,66
6,2007,42,14.95,36.25791,62.56956522,1.436,0.11,0.125,1.355,362755,81511,68923,3946,3722,3,42,110
7,2007,43,14.95,42.50402,72.87826087,1.435,0.111,0.125,1.324,393226,97483,72739,4086,3846,3,39,146
8,2007,44,14.95,42.99545,68.95652174,1.403,0.111,0.125,1.258,421797,121338,72751,4215,3951,3,42,149
9,2007,42,14.95,40.89123,58.23913043,1.373,0.111,0.125,1.244,355394,88532,67579,3918,3742,3,50,43
10,2007,42,14.95,36.76055,46.1,1.405,0.108,0.127,1.26,332615,78358,61690,3909,3732,6,43,25
11,2007,42,14.95,36.83782,34.6,1.526,0.105,0.123,1.23,314103,60637,64899,3946,3760,4,41,21
12,2007,44,14.95,35.07435,18.99565217,1.522,0.105,0.123,1.238,346290,66808,71983,4131,3907,5,61,20
1,2008,44,17.86,34.63459,17.19130435,1.52,0.106,0.123,1.247,362998,72600,70735,4152,3936,5,52,53
2,2008,41,17.86,37.22147,24.1,1.526,0.105,0.123,1.297,325106,60042,65130,3906,3684,4,50,50
3,2008,42,17.86,29.34128,30.69130435,1.547,0.106,0.121,1.338,324630,62171,64716,3972,3738,4,48,63
4,2008,35,17.86,29.15823,37.03478261,1.587,0.108,0.122,1.408,305865,63046,57333,3297,3089,3,40,74
5,2008,35,17.86,27.89221,48.27826087,1.623,0.111,0.126,1.485,325245,62270,64826,3298,3102,3,41,88
6,2008,37,17.86,24.49888,58.1173913,1.696,0.119,0.127,1.524,373109,84620,70319,3612,3381,7,35,110
7,2008,44,17.86,42.007,69.30434783,1.849,0.122,0.127,1.633,402900,100321,74318,4171,3962,2,38,100
8,2008,43,17.86,40.788,66.9173913,1.77,0.122,0.127,1.485,388987,99673,72617,4144,3941,5,36,81
9,2008,41,17.86,44.045,54.63913043,1.626,0.122,0.127,1.315,338056,79136,67054,3984,3821,1,30,60
10,2008,40,17.86,42.18533,44.35652174,1.62,0.119,0.127,1.305,318547,73283,62820,3777,3565,3,39,49
11,2008,39,17.86,41.30594,36.96956522,1.707,0.116,0.125,1.178,310046,61454,63408,3773,3524,4,38,49
12,2008,45,17.86,43.23078,19.37391304,1.693,0.117,0.125,1.189,343898,64364,72931,4413,4064,1,48,59
1,2009,45,13.64,41.44132,23.89565217,1.635,0.118,0.125,1.234,354993,66390,74102,4377,4030,2,53,75
2,2009,40,13.64,43.27066,28.0826087,1.594,0.118,0.125,1.175,300887,62139,64227,3876,3561,2,47,61
3,2009,40,13.64,43.62571,31.92173913,1.554,0.116,0.126,1.133,310603,68203,67241,3965,3571,3,52,71
4,2009,28,13.64,43.01189,39.40434783,1.445,0.115,0.126,1.118,289537,61159,59408,2807,2503,5,45,95
5,2009,30,13.64,40.89754,51.43043478,1.268,0.115,0.131,1.088,311306,68146,65395,2930,2618,3,39,107
6,2009,32,13.64,45.55317,57.24782609,1.259,0.12,0.13,1.141,347658,84205,69735,3168,2840,9,35,116
7,2009,42,13.64,45.97507,65.93478261,1.247,0.118,0.131,1.147,372542,101894,72949,4154,3913,5,16,102
8,2009,41,13.64,45.03788,63.73478261,1.231,0.117,0.131,1.157,381221,109240,72245,3934,3688,5,33,83
9,2009,40,13.64,43.02638,59.70434783,1.181,0.117,0.131,1.112,327401,92127,65752,3822,3562,5,33,63
10,2009,44,13.64,42.7992,36.62608696,1.179,0.113,0.134,1.149,307040,72603,58021,4347,3961,4,40,59
11,2009,43,13.64,43.14005,35.43913043,1.348,0.112,0.13,1.105,296635,63285,59069,4323,3929,3,42,59
12,2009,42,13.64,41.15023,15.10434783,1.356,0.111,0.129,1.09,350507,71590,70710,4326,3778,6,54,75
1,2010,44,15.37,40.18572,22.26521739,1.371,0.108,0.131,1.15,360957,74173,72569,4371,3977,2,47,30
2,2010,41,15.37,31.48501,21.70869565,1.367,0.107,0.131,1.163,319735,66198,65245,3990,3668,1,44,27
3,2010,40,15.37,32.07443,35.46086957,1.36,0.11,0.132,1.084,312168,63431,64635,3968,3610,4,47,35
4,2010,35,15.37,30.74763,40.87826087,1.276,0.11,0.132,1.114,287800,64644,57611,3589,3130,3,38,84
5,2010,35,15.37,33.81025,45.46521739,1.244,0.111,0.139,1.117,327936,73665,66658,3585,3099,4,33,162
6,2010,32,15.37,43.371,58.95652174,1.231,0.116,0.138,1.122,375759,92268,68301,3372,2911,12,25,199
7,2010,43,15.37,40.866,67.16086957,1.236,0.116,0.139,1.144,409725,114624,71913,4322,3880,5,31,182
8,2010,42,15.37,42.153,66.91304348,1.232,0.117,0.139,1.165,408884,121151,71574,4149,3761,6,32,138
9,2010,39,15.37,40.87669,57.87391304,1.199,0.116,0.138,1.126,346045,93004,69371,3848,3483,4,35,94
10,2010,40,15.37,41.60339,48.96956522,1.223,0.111,0.141,1.148,307921,77738,62751,4049,3645,5,37,23
11,2010,42,15.37,41.30685,29.91304348,1.299,0.108,0.136,1.052,306010,69227,62655,4321,3792,8,40,24
12,2010,44,15.37,42.02642,24.47391304,1.297,0.109,0.137,1.095,362119,77573,73683,4556,4029,3,50,26
1,2011,42,18.2,42.92515,20.95652174,1.311,0.109,0.136,1.094,362872,74254,72743,4287,3622,5,49,26
2,2011,37,18.2,42.0947,17.8826087,1.319,0.11,0.137,1.135,313127,65924,64789,3793,3213,6,45,35
3,2011,39,18.2,41.67545,32.97391304,1.31,0.11,0.141,1.094,318710,65947,65662,4061,3363,4,51,113
4,2011,33,18.2,38.41787,39.16086957,1.264,0.111,0.14,1.13,302401,70029,54547,3540,2870,4,36,161
5,2011,32,18.2,40.81249,45.43043478,1.188,0.113,0.146,1.16,323628,75243,57013,3343,2705,7,38,192
6,2011,36,18.2,46.70809,58.36086957,1.184,0.119,0.143,1.201,367727,90691,65270,3634,3112,2,35,173
7,2011,39,18.2,42.6911,69.68695652,1.177,0.12,0.143,1.197,418693,119624,72345,3880,3416,6,44,174
8,2011,42,18.2,44.3464,68.93043478,1.183,0.12,0.143,1.199,406511,119856,71339,4201,3803,3,6,161
9,2011,42,18.2,44.97573,58.44782609,1.167,0.12,0.143,1.172,337931,91739,66849,4008,3628,3,31,120
10,2011,39,18.2,44.99336,46.76521739,1.176,0.115,0.144,1.154,308699,78819,63337,3824,3361,5,35,24
11,2011,41,18.2,42.28643,30.46521739,1.237,0.112,0.139,1.067,304102,75441,64474,4221,3614,7,39,21
12,2011,48,18.2,36.45805,21.99565217,1.218,0.113,0.14,1.064,335740,86122,71837,4843,4254,4,49,23
1,2012,47,18.68,36.99836,26.03043478,1.195,0.113,0.141,1.079,339526,90761,72381,4878,4133,2,49,26
2,2012,44,18.68,39.00662,23.86956522,1.139,0.113,0.141,1.066,309389,90610,63847,4303,3832,6,46,30
3,2012,38,18.68,36.58896,40.55652174,1.154,0.112,0.142,1.038,309090,92251,61729,3909,3274,4,48,46
4,2012,29,18.68,37.46634,46.5,1.127,0.112,0.143,1.031,295229,94829,55871,2987,2476,3,47,83
5,2012,32,18.68,38.235,51.82173913,1.035,0.113,0.148,1.06,336516,107352,62081,3360,2841,5,43,143
6,2012,38,18.68,32.88,64.75652174,1.052,0.12,0.145,1.107,360825,115598,65140,3811,3294,9,37,153
7,2012,42,18.68,37.772,72.57391304,1.047,0.117,0.145,1.107,414641,138863,69129,4006,3637,3,33,131
8,2012,47,18.68,39.18292,68.66086957,1.047,0.117,0.145,1.109,395700,131736,69602,4575,4170,3,40,137
9,2012,43,18.68,39.90437,59.67391304,1.059,0.117,0.145,1.085,334586,108012,64511,4068,3736,6,37,77
10,2012,44,18.68,34.67766,43.12608696,1.081,0.111,0.146,1.088,311652,91725,59743,4409,3918,4,41,20
11,2012,46,18.68,40.56672,36.15652174,1.161,0.109,0.143,1.044,305976,80169,56713,4668,4095,3,38,21
12,2012,46,18.68,36.81383,23.83478261,1.176,0.11,0.142,1.048,334635,83989,68584,4616,4005,4,52,26
1,2013,47,18.42,31.20771,20.43043478,1.187,0.109,0.142,1.026,348967,88559,71406,4825,4154,3,52,26
2,2013,44,18.42,32.39008,23.3173913,1.185,0.109,0.142,1.047,309728,80283,61483,4463,3922,1,46,24
3,2013,42,18.42,35.32267,32.21304348,1.189,0.11,0.143,1.022,325399,84725,62947,4196,3668,5,50,31
4,2013,37,18.42,37.10727,36.1,1.191,0.111,0.143,1.092,299333,78036,56767,3738,3196,3,52,49
5,2013,38,18.42,43.37598,51.93913043,1.171,0.113,0.148,1.138,322156,83816,62848,3761,3307,5,42,74
6,2013,44,18.42,36.09196,62.16521739,1.153,0.121,0.147,1.15,356823,99615,66430,4387,3935,4,33,125
7,2013,48,18.42,40.7197,70.00434783,1.134,0.121,0.148,1.136,394846,120771,70539,4611,4225,3,40,150
8,2013,49,18.42,36.27276,69.05652174,1.122,0.121,0.148,1.14,385286,121156,71344,4636,4284,2,35,113
9,2013,43,18.42,36.48659,59.66086957,1.119,0.121,0.147,1.123,340941,102063,65799,4129,3758,4,25,48
10,2013,45,18.42,33.70291,40.98695652,1.128,0.115,0.151,1.132,314925,88587,63184,4433,3977,3,40,22
11,2013,45,18.42,28.56744,32.19565217,1.126,0.113,0.146,1.113,314540,84287,64975,4520,3954,3,43,27
12,2013,46,18.42,28.01945,18.82608696,1.127,0.113,0.146,1.103,353021,92936,71294,4784,4057,4,53,22
1,2014,47,18.79,32.86415,24.12608696,1.194,0.115,0.151,1.151,377251,91062,73163,4802,4052,4,61,25
2,2014,42,18.79,25.34223,18.87391304,1.201,0.116,0.152,1.187,324347,75945,62639,4278,3712,4,46,24
3,2014,41,18.79,28.36912,32.91304348,1.249,0.117,0.152,1.224,331821,78154,62397,4296,3653,3,49,41
4,2014,36,18.79,42.998,40.92173913,1.262,0.117,0.149,1.194,297628,76785,56385,3708,3141,3,38,82
5,2014,37,18.79,41.44,51.00869565,1.169,0.119,0.155,1.243,324719,89121,62947,3587,3157,3,39,102
6,2014,37,18.79,40.105,58.12608696,1.139,0.126,0.155,1.238,357840,98470,68138,3716,3230,5,35,146
7,2014,44,18.79,39.89581,68.19565217,1.117,0.126,0.155,1.283,385775,115083,71940,4283,3860,2,36,180
8,2014,46,18.79,39.96694,64.8826087,1.091,0.126,0.155,1.25,384337,122350,71129,4433,4058,7,32,113
9,2014,40,18.79,42.54371,57.29130435,1.072,0.125,0.156,1.292,339883,106584,67535,4022,3647,4,50,73
10,2014,41,18.79,37.26355,48.23478261,1.043,0.119,0.157,1.264,314518,97685,62391,4042,3569,4,43,37
11,2014,40,18.79,41.06507,28.2,1.097,0.116,0.153,1.19,317491,84356,65140,4172,3537,2,68,20
12,2014,44,18.79,38.697,25.03043478,1.119,0.118,0.154,1.224,337953,91040,73363,4356,3793,5,61,26
1,2015,44,14.88,38.70804,24.7826087,1.113,0.117,0.154,1.223,360453,101691,74270,4408,3841,3,53,28
2,2015,38,14.88,37.50665,29.29565217,1.084,0.117,0.154,1.217,334596,91440,63461,3787,3280,3,45,24
3,2015,42,14.88,36.81261,38.09565217,1.046,0.116,0.154,1.198,324314,99550,64547,4211,3717,3,54,40
4,2015,38,14.88,41.21952,42.76521739,1.008,0.116,0.14,1.206,294177,92856,59784,3836,3374,2,51,107
5,2015,37,14.88,40.26272,48.19130435,0.98,0.117,0.16,1.221,322189,101625,65827,3662,3231,4,45,110
6,2015,42,14.88,41.30828,64.59130435,0.964,0.123,0.163,1.254,362493,121568,68516,3990,3612,2,64,114
7,2015,45,14.88,32.20802,66.20434783,0.942,0.123,0.162,1.226,400535,141241,71412,4437,3974,6,74,135
8,2015,47,14.88,34.18361,66.57391304,0.933,0.123,0.161,1.243,392242,139216,72415,4566,4125,3,71,125
9,2015,39,14.88,36.54356,61.63478261,0.93,0.123,0.16,1.222,350190,123111,66476,3838,3385,4,66,83
10,2015,40,14.88,33.44512,50.26956522,0.905,0.117,0.159,1.219,312210,110110,60571,3948,3522,5,68,25
11,2015,40,14.88,31.73659,31.05217391,0.982,0.114,0.154,1.11,300779,102369,60264,4071,3471,5,69,37
12,2015,41,14.88,30.58671,22.50434783,0.944,0.114,0.153,1.125,324536,109892,69634,4212,3560,4,63,40
1,2016,44,13.28,29.30246,23.50434783,0.943,0.113,0.156,1.142,352714,110044,72525,4484,3845,4,58,36
2,2016,38,13.28,25.37086,31.43913043,0.939,0.113,0.155,1.146,313816,98688,65638,3979,3290,4,57,27
3,2016,33,13.28,36.009,35.97826087,0.966,0.112,0.155,1.075,304427,103933,66149,3424,2832,3,78,34
4,2016,28,13.28,34.871,43.09130435,0.963,0.111,0.156,1.125,292987,98974,62732,2819,2331,6,72,67
5,2016,30,13.28,33.899,49.20434783,0.919,0.113,0.161,1.154,316867,110519,66576,3069,2495,9,91,171
6,2016,37,13.28,30.66925,65.40869565,0.964,0.119,0.161,1.142,367904,131523,67175,3820,3303,7,66,206
7,2016,46,13.28,31.13805,68.78695652,0.989,0.12,0.161,1.181,412043,151716,70349,4580,4080,4,53,169
8,2016,46,13.28,29.04327,65.6,0.962,0.12,0.161,1.242,409861,154926,71526,4537,4126,4,52,123
9,2016,38,13.28,35.68818,57.45217391,0.986,0.121,0.159,1.241,351560,125683,65448,3785,3369,4,48,59
10,2016,37,13.28,34.37269,48.17391304,0.989,0.115,0.159,1.255,312940,102898,60733,3778,3218,4,64,22
11,2016,37,13.28,28.75416,38.66956522,1.031,0.113,0.152,1.165,297065,93951,65179,3695,3167,5,72,28
12,2016,45,13.28,34.04736,16.96086957,1.052,0.113,0.151,1.164,345389,96416,71662,4684,3969,2,78,30
1,2017,44,14.51,31.41002,16.73043478,1.095,0.115,0.154,1.15,344414,95661,73121,4484,3881,4,71,87
2,2017,36,14.51,31.2261,28.93913043,1.109,0.116,0.155,1.141,291113,82837,63560,3701,3138,4,55,75
3,2017,35,14.51,37.38332,39.19130435,1.105,0.115,0.156,1.13,319469,95214,65093,3619,3009,2,56,101
4,2017,27,14.51,35.55559,41.39130435,1.104,0.116,0.156,1.172,295462,88562,56743,2911,2296,5,65,98
5,2017,32,14.51,36.12317,50.27391304,1.1,0.117,0.155,1.226,323494,98074,61313,3291,2700,8,67,99
6,2017,37,14.51,27.95936,61.80869565,1.114,0.123,0.156,1.228,358630,117351,67011,3709,3232,4,49,106
7,2017,46,14.51,30.56892,70.93478261,1.092,0.124,0.157,1.209,404537,147042,71314,4526,4075,2,69,115
8,2017,46,14.51,28.16247,65.36956522,1.08,0.124,0.158,1.211,384837,141308,72384,4606,4142,2,70,106
9,2017,41,14.51,21.89137,56.06086957,1.076,0.123,0.157,1.196,336004,118132,68098,4037,3581,2,61,84
10,2017,38,14.51,27.97419,42.81304348,1.078,0.119,0.158,1.203,318731,106895,65995,3913,3306,2,66,80
11,2017,36,14.51,27.7964,35.36956522,1.173,0.118,0.15,1.115,308189,95072,66618,3756,3158,2,71,87
12,2017,40,14.51,25.06888,24.05217391,1.191,0.118,0.15,1.132,350563,111553,73700,4189,3550,6,80,86
1,2018,42,15.41,21.80846,24.30869565,1.159,0.12,0.15,1.123,373379,110442,74649,4231,3689,2,64,73
2,2018,36,15.41,43.582,18.71304348,1.245,0.121,0.15,1.137,307058,98675,64790,3594,3063,2,77,79
3,2018,38,15.41,38.937,32.93913043,1.252,0.121,0.151,1.107,321765,106742,67033,3845,3227,4,62,90
4,2018,30,15.41,41.336,40.05652174,1.245,0.12,0.153,1.132,301057,98672,59133,3170,2532,3,75,94
5,2018,29,15.41,42.06893,53.89565217,1.144,0.121,0.158,1.171,339228,115565,67320,2943,2438,2,61,97
6,2018,35,15.41,41.62421,62.20869565,1.134,0.125,0.157,1.163,372145,131086,69688,3559,3010,7,68,95
7,2018,43,15.41,41.84309,68.86521739,1.124,0.124,0.157,1.186,411617,165075,72456,4308,3829,3,81,91
8,2018,45,15.41,40.8694,65.37391304,1.113,0.125,0.157,1.261,408352,162001,72282,4446,3945,2,82,90
9,2018,39,15.41,37.95584,58.73043478,1.121,0.123,0.157,1.193,356558,142085,64725,3792,3306,3,78,74
10,2018,39,15.41,42.15774,42.30869565,1.109,0.122,0.158,1.13,325070,123280,59397,3865,3356,6,85,67
11,2018,40,15.41,41.11082,29.59565217,1.182,0.122,0.152,1.065,322466,108265,63954,3978,3441,4,86,64
12,2018,44,15.41,40.05703,23.1173913,1.227,0.123,0.153,1.124,342292,109955,71657,4381,3844,2,77,63
1,2019,41,14.93,44.80124,22.56521739,1.251,0.123,0.151,1.136,359729,121808,73701,4144,3586,3,77,71
2,2019,38,14.93,44.40666,16.13478261,1.207,0.123,0.152,1.121,315282,112397,64715,3934,3381,3,86,74
3,2019,34,14.93,39.19044,27.36086957,1.226,0.123,0.153,1.125,326903,116059,65080,3602,3035,3,85,83
4,2019,27,14.93,38.83297,42.32173913,1.204,0.122,0.153,1.122,296953,104349,60581,2923,2342,1,66,90
5,2019,24,14.93,35.8769,45.09565217,1.16,0.122,0.154,1.148,330661,117297,67124,2471,1896,3,83,97
6,2019,30,14.93,35.17309,58.36521739,1.156,0.125,0.155,1.145,353239,138087,68805,3050,2511,5,77,96
7,2019,37,14.93,38.01638,67.62608696,1.133,0.126,0.156,1.177,410365,172282,72199,3763,3223,5,78,106
8,2019,39,14.93,32.0324,66.92173913,1.135,0.126,0.156,1.169,401732,175270,71911,3858,3342,4,81,101
9,2019,36,14.93,34.46009,58.83478261,1.118,0.126,0.153,1.157,360760,149938,66064,3699,3110,4,83,80
10,2019,34,14.93,24.9427,35.62608696,1.133,0.124,0.155,1.177,320518,131113,62033,3403,2820,4,94,71
11,2019,34,14.93,32.2581,30.59130435,1.197,0.122,0.152,1.093,315897,117959,64125,3400,2814,4,105,66
12,2019,39,14.93,39.344,24.17826087,1.187,0.122,0.152,1.143,338536,131973,73074,3900,3316,5,116,57
1,2020,33,13.58,38.991,25.16086957,1.173,0.122,0.151,1.215,342019,136084,74170,3585,2758,5,121,76
2,2020,31,13.58,39.53,20.62608696,1.165,0.122,0.151,1.192,319698,128018,65911,3275,2535,2,107,80
3,2020,34,13.58,40.31896,33.67826087,1.159,0.121,0.152,1.18,309870,126187,63997,3458,2812,3,124,83
4,2020,29,13.58,41.80142,37.95217391,1.148,0.121,0.152,1.219,279846,110564,59170,2963,2390,4,92,94
5,2020,29,13.58,40.361,51.31304348,1.105,0.12,0.156,1.275,304837,117186,64338,2950,2406,2,77,109
6,2020,29,13.58,40.63784,62.12608696,1.097,0.123,0.157,1.284,351967,143055,67205,3070,2456,5,90,106
7,2020,39,13.58,39.1588,68.64782609,1.076,0.123,0.158,1.272,409871,181568,69385,3910,3278,2,143,107
8,2020,38,13.58,42.55209,70.16956522,1.088,0.123,0.157,1.278,398536,173644,68982,3754,3102,5,209,108
9,2020,32,13.58,38.57837,57.14782609,1.088,0.124,0.155,1.303,333493,141397,65727,3199,2664,5,116,79
10,2020,35,13.58,37.51045,41.59130435,1.092,0.123,0.157,1.302,313703,131413,59362,3651,2925,5,113,85
11,2020,35,13.58,43.10328,34.53913043,1.167,0.122,0.15,1.309,301403,109811,61760,3962,3053,3,99,82
12,2020,35,13.58,44.14668,25.87391304,1.187,0.122,0.148,1.319,344523,127863,69871,4234,2981,4,84,76
1,2021,33,17.32,39.74792,24.73043478,1.196,0.122,0.151,1.339,349210,126530,71732,3883,2746,5,92,66
2,2021,30,17.32,39.15401,17.04347826,1.196,0.122,0.152,1.332,323900,111183,62954,3447,2458,4,86,60
3,2021,32,17.32,35.90129,33.23043478,1.199,0.123,0.152,1.343,311397,107019,63708,3475,2616,5,103,78
4,2021,28,17.32,37.01493,38.75217391,1.205,0.123,0.151,1.333,293308,107416,57092,3095,2170,6,146,79
5,2021,30,17.32,37.22165,50.07391304,1.175,0.124,0.156,1.427,320181,114676,63394,3208,2404,7,126,82
6,2021,35,17.32,31.95533,66.60434783,1.184,0.126,0.155,1.408,373856,149376,66070,3580,2858,4,153,75
7,2021,41,17.32,33.31336,72.14782609,1.21,0.128,0.157,1.432,405624,170189,68832,4079,3438,3,161,76
8,2021,37,17.32,29.86229,66.16521739,1.239,0.129,0.157,1.449,412865,172716,69471,3792,3034,4,140,72
9,2021,37,17.32,35.87986,60.2826087,1.267,0.13,0.156,1.491,347744,138214,64520,3828,3072,5,156,57
10,2021,32,17.32,30.143,45.79130435,1.364,0.131,0.158,1.536,320202,131852,58401,3573,2589,4,112,48
11,2021,27,17.32,39.604,38.10434783,1.401,0.13,0.16,1.576,314310,122433,62749,3438,2111,6,121,49
12,2021,31,17.32,38.681,28.07391304,1.442,0.13,0.16,1.561,337104,127586,70720,4063,2542,7,105,49
1,2022,32,12.59,42.9074,23.52608696,1.436,0.132,0.165,1.668,373766,134948,70577,4098,2670,5,92,64
2,2022,29,12.59,39.17082,21.40869565,1.453,0.133,0.165,1.594,324311,114945,61852,3707,2434,4,65,55
3,2022,30,12.59,40.9904,33.01304348,1.466,0.133,0.173,1.585,324531,112477,63154,3822,2620,5,77,74
4,2022,27,12.59,40.56684,37.20869565,1.504,0.135,0.171,1.581,303994,105506,55290,3505,2263,5,121,70
5,2022,27,12.59,41.11315,48.14782609,1.527,0.139,0.173,1.712,342184,127094,63382,3319,2244,2,148,80
6,2022,27,12.59,38.62609,60.36086957,1.656,0.145,0.172,1.819,379134,155517,65715,3083,2231,6,128,72
7,2022,39,12.59,37.65838,70.93913043,1.651,0.153,0.172,1.735,422976,189042,68857,4059,3283,7,177,76
8,2022,43,12.59,40.62399,69.56086957,1.694,0.155,0.173,1.791,412134,188860,68897,4333,3634,3,185,63
9,2022,38,12.59,41.63661,61.76086957,1.776,0.155,0.173,1.834,351655,156948,63733,4053,3340,4,135,51
10,2022,38,12.59,41.55071,45.88695652,1.728,0.153,0.185,1.782,313949,133492,58945,4174,3242,2,178,41
11,2022,34,12.59,39.45802,25.95652174,1.744,0.15,0.181,1.732,321781,127523,62041,4010,2873,4,162,54
12,2022,34,12.59,37.9774,19.04782609,1.774,0.152,0.182,1.866,360257,140716,69094,4185,2685,6,194,45
1,2023,37,15.53,37.43584,21.20434783,1.763,0.152,0.188,2.842,347817,137541,70870,4164,2964,3,190,50
2,2023,26,15.53,39.54405,19.80434783,1.714,0.153,0.188,2.02,309116,123921,60807,3329,2080,5,163,45
3,2023,27,15.53,36.93764,24.6173913,1.587,0.148,0.193,1.753,329839,132153,62820,3351,2165,4,166,49
4,2023,22,15.53,35.06439,37.1826087,1.487,0.148,0.193,1.658,299673,120478,56662,2805,1661,4,180,45
5,2023,25,15.53,30.14247,54.4,1.402,0.147,0.195,1.697,327533,137795,61473,2705,1770,7,180,93
6,2023,30,15.53,34.85928,59.11304348,1.36,0.152,0.195,1.712,356672,161693,64965,3234,2440,4,171,66