Month,Date,Year,NG.Consump.MMBtu,Coal.Consump.MMBtu,Tot.Consump.MMBtu,X...Per.kwh.Mo.Albany,WY.Tot.Consump.MMBtu,WY.Ave.by.County,ELEC.GEN.ALL-US-99.M,ELEC.GEN.NG-US-99.M,ELEC.GEN.NUC-US-99.M,ELEC.GEN.PC-US-99.M,ELEC.GEN.ALL-WY-99.M,ELEC.GEN.COW-WY-99.M,ELEC.GEN.NG-WY-99.M,ELEC.GEN.AOR-WY-99.M
8,1,2017,1,45,46,14.51,28.16247,65.36956522,384837,141308,72384,765,4606,4142,70,265
9,1,2017,1,40,41,14.51,21.89137,56.06086957,336004,118132,68098,712,4037,3581,61,275
10,1,2017,1,37,38,14.51,27.97419,42.81304348,318731,106895,65995,572,3913,3306,66,416
11,1,2017,1,35,36,14.51,27.7964,35.36956522,308189,95072,66618,755,3756,3158,71,398
12,1,2017,1,39,40,14.51,25.06888,24.05217391,350563,111553,73700,737,4189,3550,80,422
1,1,2018,1,41,42,15.41,21.80846,24.30869565,373379,110442,74649,965,4231,3689,64,358
2,1,2018,1,35,36,15.41,43.582,18.71304348,307058,98675,64790,754,3594,3063,77,332
3,1,2018,1,37,38,15.41,38.937,32.93913043,321765,106742,67033,642,3845,3227,62,419
4,1,2018,1,29,30,15.41,41.336,40.05652174,301057,98672,59133,666,3170,2532,75,423
5,1,2018,1,28,29,15.41,42.06893,53.89565217,339228,115565,67320,517,2943,2438,61,314
6,1,2018,1,34,35,15.41,41.62421,62.20869565,372145,131086,69688,834,3559,3010,68,348
7,1,2018,1,42,43,15.41,41.84309,68.86521739,411617,165075,72456,913,4308,3829,81,278
8,1,2018,1,44,45,15.41,40.8694,65.37391304,408352,162001,72282,879,4446,3945,82,288
9,1,2018,2,37,39,15.41,37.95584,58.73043478,356558,142085,64725,799,3792,3306,78,293
10,1,2018,2,37,39,15.41,42.15774,42.30869565,325070,123280,59397,562,3865,3356,85,309
11,1,2018,2,38,40,15.41,41.11082,29.59565217,322466,108265,63954,656,3978,3441,86,340
12,1,2018,1,43,44,15.41,40.05703,23.1173913,342292,109955,71657,795,4381,3844,77,356
1,1,2019,1,40,41,14.93,44.80124,22.56521739,359729,121808,73701,800,4144,3586,77,365
2,1,2019,1,37,38,14.93,44.40666,16.13478261,315282,112397,64715,692,3934,3381,86,364
3,1,2019,1,33,34,14.93,39.19044,27.36086957,326903,116059,65080,574,3602,3035,85,366
4,1,2019,1,26,27,14.93,38.83297,42.32173913,296953,104349,60581,401,2923,2342,66,394
5,1,2019,2,22,24,14.93,35.8769,45.09565217,330661,117297,67124,737,2471,1896,83,366
6,1,2019,1,29,30,14.93,35.17309,58.36521739,353239,138087,68805,563,3050,2511,77,336
7,1,2019,1,36,37,14.93,38.01638,67.62608696,410365,172282,72199,791,3763,3223,78,344
8,1,2019,1,38,39,14.93,32.0324,66.92173913,401732,175270,71911,684,3858,3342,81,313
9,1,2019,1,35,36,14.93,34.46009,58.83478261,360760,149938,66064,581,3699,3110,83,386
10,1,2019,2,32,34,14.93,24.9427,35.62608696,320518,131113,62033,200,3403,2820,94,372
11,1,2019,2,32,34,14.93,32.2581,30.59130435,315897,117959,64125,333,3400,2814,105,371
12,1,2019,2,37,39,14.93,39.344,24.17826087,338536,131973,73074,463,3900,3316,116,365
1,1,2020,2,31,33,13.58,38.991,25.16086957,342019,136084,74170,633,3585,2758,121,584
2,1,2020,2,29,31,13.58,39.53,20.62608696,319698,128018,65911,540,3275,2535,107,512
3,1,2020,2,32,34,13.58,40.31896,33.67826087,309870,126187,63997,704,3458,2812,124,394
4,1,2020,1,28,29,13.58,41.80142,37.95217391,279846,110564,59170,614,2963,2390,92,342
5,1,2020,1,28,29,13.58,40.361,51.31304348,304837,117186,64338,610,2950,2406,77,314
6,1,2020,1,28,29,13.58,40.63784,62.12608696,351967,143055,67205,801,3070,2456,90,378
7,1,2020,2,37,39,13.58,39.1588,68.64782609,409871,181568,69385,837,3910,3278,143,342
8,1,2020,3,35,38,13.58,42.55209,70.16956522,398536,173644,68982,787,3754,3102,209,294
9,1,2020,2,30,32,13.58,38.57837,57.14782609,333493,141397,65727,439,3199,2664,116,298
10,1,2020,2,33,35,13.58,37.51045,41.59130435,313703,131413,59362,351,3651,2925,113,485
11,1,2020,1,34,35,13.58,43.10328,34.53913043,301403,109811,61760,612,3962,3053,99,688
12,1,2020,1,34,35,13.58,44.14668,25.87391304,344523,127863,69871,751,4234,2981,84,1046
1,1,2021,1,32,33,17.32,39.74792,24.73043478,349210,126530,71732,702,3883,2746,92,931
2,1,2021,1,29,30,17.32,39.15401,17.04347826,323900,111183,62954,660,3447,2458,86,801
3,1,2021,1,31,32,17.32,35.90129,33.23043478,311397,107019,63708,645,3475,2616,103,628
4,1,2021,2,26,28,17.32,37.01493,38.75217391,293308,107416,57092,422,3095,2170,146,652
5,1,2021,2,28,30,17.32,37.22165,50.07391304,320181,114676,63394,534,3208,2404,126,554
6,1,2021,2,33,35,17.32,31.95533,66.60434783,373856,149376,66070,453,3580,2858,153,462
7,1,2021,2,39,41,17.32,33.31336,72.14782609,405624,170189,68832,681,4079,3438,161,370
8,1,2021,2,35,37,17.32,29.86229,66.16521739,412865,172716,69471,747,3792,3034,140,514
9,1,2021,2,35,37,17.32,35.87986,60.2826087,347744,138214,64520,638,3828,3072,156,503
10,1,2021,2,30,32,17.32,30.143,45.79130435,320202,131852,58401,655,3573,2589,112,779
11,1,2021,2,25,27,17.32,39.604,38.10434783,314310,122433,62749,783,3438,2111,121,1111
12,1,2021,1,30,31,17.32,38.681,28.07391304,337104,127586,70720,591,4063,2542,105,1322
1,1,2022,1,31,32,12.59,42.9074,23.52608696,373766,134948,70577,564,4098,2670,92,1226
2,1,2022,1,28,29,12.59,39.17082,21.40869565,324311,114945,61852,621,3707,2434,65,1120
3,1,2022,1,29,30,12.59,40.9904,33.01304348,324531,112477,63154,500,3822,2620,77,1012
4,1,2022,2,25,27,12.59,40.56684,37.20869565,303994,105506,55290,528,3505,2263,121,1014
5,1,2022,2,25,27,12.59,41.11315,48.14782609,342184,127094,63382,596,3319,2244,148,817
6,1,2022,2,25,27,12.59,38.62609,60.36086957,379134,155517,65715,683,3083,2231,128,610
7,1,2022,2,37,39,12.59,37.65838,70.93913043,422976,189042,68857,488,4059,3283,177,479
8,1,2022,3,40,43,12.59,40.62399,69.56086957,412134,188860,68897,576,4333,3634,185,427
9,1,2022,2,36,38,12.59,41.63661,61.76086957,351655,156948,63733,648,4053,3340,135,490
10,1,2022,2,36,38,12.59,41.55071,45.88695652,313949,133492,58945,610,4174,3242,178,674
11,1,2022,2,32,34,12.59,39.45802,25.95652174,321781,127523,62041,568,4010,2873,162,878
12,1,2022,3,31,34,12.59,37.9774,19.04782609,360257,140716,69094,744,4185,2685,194,1219
1,1,2023,3,34,37,15.53,37.43584,21.20434783,347817,137541,70870,406,4164,2964,190,920
2,1,2023,2,24,26,15.53,39.54405,19.80434783,309116,123921,60807,335,3329,2080,163,999
3,1,2023,2,25,27,15.53,36.93764,24.6173913,329839,132153,62820,323,3351,2165,166,926
4,1,2023,2,20,22,15.53,35.06439,37.1826087,299673,120478,56662,301,2805,1661,180,878
5,1,2023,3,22,25,15.53,30.14247,54.4,327533,137795,61473,286,2705,1770,180,623
6,1,2023,2,28,30,15.53,34.85928,59.11304348,356672,161693,64965,383,3234,2440,171,516